Date,Open,High,Low,Close,Volume,Adj Close
2013-05-31,70.91,70.91,70.38,70.58,800,70.58
2013-05-30,72.26,72.26,72.13,72.17,800,72.17
2013-05-29,70.19,71.00,70.19,70.99,11800,70.99
2013-05-28,70.53,71.32,70.28,70.28,1700,70.28
2013-05-24,70.71,70.77,70.63,70.68,2300,70.68
2013-05-23,70.64,71.13,70.64,71.12,1300,71.12
2013-05-22,70.56,70.56,69.44,69.44,1600,69.44
2013-05-21,69.70,70.46,69.57,70.06,3300,70.06
2013-05-20,69.53,70.89,63.11,70.89,1100,70.89
2013-05-17,69.99,70.08,69.40,69.50,2100,69.50
2013-05-16,70.27,71.40,70.27,70.95,4800,70.95
2013-05-15,71.97,72.38,70.96,71.21,1800,71.21
2013-05-14,72.71,73.31,72.66,73.23,2800,73.23
2013-05-13,73.24,73.60,73.09,73.43,3300,73.43
2013-05-10,73.21,74.06,72.19,74.06,9800,74.06
2013-05-09,74.61,74.73,74.42,74.42,1700,74.42
2013-05-08,74.84,75.31,74.84,75.14,800,75.14
2013-05-07,73.86,74.46,73.86,74.46,1300,74.46
2013-05-06,75.29,75.29,75.29,75.29,200,75.29
2013-05-03,75.02,75.86,75.02,75.25,600,75.25
2013-05-02,75.15,75.66,75.15,75.30,600,75.30
2013-05-01,73.90,74.71,73.50,74.71,2300,74.71
2013-04-30,75.40,75.60,75.14,75.39,2900,75.39
2013-04-29,75.05,75.39,75.02,75.32,1900,75.32
2013-04-26,75.29,76.18,74.35,74.98,3600,74.98
2013-04-25,75.00,75.69,75.00,75.49,900,75.49
2013-04-24,72.98,72.98,72.46,72.92,3100,72.92
2013-04-23,72.11,72.20,71.82,72.16,2000,72.16
2013-04-22,72.67,73.69,72.67,73.01,4300,73.01
2013-04-19,71.83,72.43,71.28,71.47,5700,71.47
2013-04-18,71.03,71.88,71.03,71.04,600,71.04
2013-04-17,70.90,70.90,70.90,70.90,100,70.90
2013-04-16,72.02,72.22,71.12,71.45,11900,71.45
2013-04-15,72.86,73.00,69.97,70.41,2700,70.41
2013-04-12,80.09,80.09,78.51,78.51,1000,78.51
2013-04-11,81.89,82.32,81.89,82.30,1200,82.30
2013-04-10,82.92,82.92,81.83,81.83,1100,81.83
2013-04-09,81.78,83.33,81.78,83.26,8400,83.26
2013-04-08,80.01,82.23,80.01,82.23,12700,82.23
2013-04-05,81.45,82.03,81.45,82.03,2900,82.03
2013-04-04,80.61,80.95,80.61,80.62,1400,80.62
2013-04-03,82.11,82.11,81.08,81.08,700,81.08
2013-04-02,83.00,83.00,82.37,82.37,400,82.37
2013-04-01,83.88,83.88,83.83,83.83,600,83.83
2013-03-28,84.12,84.12,84.12,84.12,300,84.12
2013-03-27,84.51,84.62,84.51,84.62,1100,84.62
2013-03-26,84.38,84.41,84.24,84.41,1100,84.41
2013-03-25,84.33,84.84,84.32,84.84,700,84.84
2013-03-22,85.00,85.00,84.77,84.77,900,84.77
2013-03-21,85.42,85.51,85.42,85.51,400,85.51
2013-03-20,85.12,85.12,84.69,85.00,1300,85.00
2013-03-19,84.97,85.45,84.93,85.29,2300,85.29
2013-03-18,84.88,85.12,84.83,84.84,900,84.84
2013-03-15,84.66,84.66,84.24,84.24,1200,84.24
2013-03-14,84.27,84.33,84.16,84.28,1200,84.28
2013-03-13,84.88,84.88,84.88,84.88,000,84.88
2013-03-12,84.57,84.88,84.55,84.88,1400,84.88
2013-03-11,83.84,83.92,83.71,83.92,2100,83.92
2013-03-08,83.40,84.24,83.40,84.17,9200,84.17
2013-03-07,84.11,84.11,84.11,84.11,000,84.11
2013-03-06,83.49,84.23,83.49,84.11,1200,84.11
2013-03-05,83.56,83.67,83.56,83.56,1000,83.56
2013-03-04,83.15,83.80,83.15,83.31,3500,83.31
2013-03-01,83.37,83.94,83.37,83.44,800,83.44
2013-02-28,84.02,84.67,83.55,83.55,9700,83.55
2013-02-27,85.47,85.52,84.57,84.73,7100,84.73
2013-02-26,84.53,85.82,84.52,85.81,19000,85.81
2013-02-25,83.89,83.89,83.89,83.89,000,83.89
2013-02-22,83.51,83.89,83.30,83.89,800,83.89
2013-02-21,83.10,83.91,83.10,83.63,6500,83.63
2013-02-20,84.15,84.29,82.88,82.88,2700,82.88
2013-02-19,87.38,87.38,85.33,85.34,1900,85.34
2013-02-15,86.52,86.52,85.86,85.86,900,85.86
2013-02-14,88.15,88.15,87.43,87.73,1300,87.73
2013-02-13,88.54,88.54,88.08,88.08,500,88.08
2013-02-12,88.55,88.58,88.52,88.58,1600,88.58
2013-02-11,88.60,88.60,88.60,88.60,300,88.60
2013-02-08,90.45,90.45,90.45,90.45,000,90.45
2013-02-07,89.89,90.45,89.89,90.45,300,90.45
2013-02-06,90.14,90.14,90.14,90.14,000,90.14
2013-02-05,90.33,90.33,89.94,90.14,900,90.14
2013-02-04,90.03,90.15,89.82,90.15,1700,90.15
2013-02-01,90.11,90.27,90.11,90.11,1000,90.11
2013-01-31,89.56,90.14,89.56,89.74,1100,89.74
2013-01-30,90.81,90.91,90.67,90.73,1000,90.73
2013-01-29,89.27,89.56,89.21,89.56,500,89.56
2013-01-28,89.11,89.11,88.95,88.95,600,88.95
2013-01-25,89.13,89.13,89.10,89.13,600,89.13
2013-01-24,90.52,90.52,89.92,89.96,1100,89.96
2013-01-23,91.33,91.33,91.10,91.10,300,91.10
2013-01-22,91.40,91.40,91.40,91.40,200,91.40
2013-01-18,91.11,91.11,91.11,91.11,700,91.11
2013-01-17,90.77,91.21,90.77,90.91,2500,90.91
2013-01-16,88.66,89.50,88.66,89.50,900,89.50
2013-01-15,90.03,90.65,89.99,90.51,3100,90.51
2013-01-14,89.48,89.48,89.48,89.48,400,89.48
2013-01-11,88.38,88.86,88.38,88.86,500,88.86
2013-01-10,89.52,89.82,89.52,89.63,1700,89.63
2013-01-09,88.24,88.55,88.24,88.55,4800,88.55
2013-01-08,88.72,88.72,88.39,88.60,2100,88.60
2013-01-07,87.77,88.09,87.62,88.09,900,88.09
2013-01-04,87.93,88.07,87.61,87.61,2100,87.61
2013-01-03,89.90,90.04,88.47,88.62,10200,88.62
2013-01-02,90.55,90.55,90.13,90.13,19100,90.13
2012-12-31,88.68,89.62,88.68,89.23,1200,89.23
2012-12-28,88.59,88.73,88.52,88.52,4300,88.52
2012-12-27,88.80,88.95,88.73,88.87,2300,88.87
2012-12-26,88.53,88.64,88.51,88.51,1500,88.51
2012-12-24,87.10,87.10,87.10,87.10,200,87.10
2012-12-21,87.98,88.64,87.98,88.64,1600,88.64
2012-12-20,87.69,87.74,87.69,87.74,800,87.74
2012-12-19,89.86,89.91,89.33,89.56,7200,89.56
2012-12-18,90.60,90.63,89.58,90.12,6600,90.12
2012-12-17,91.89,91.89,91.49,91.54,900,91.54
2012-12-14,91.73,91.73,91.73,91.73,500,91.73
2012-12-13,91.63,92.36,91.63,92.16,2000,92.16
2012-12-12,93.00,93.81,92.69,93.07,14100,93.07
2012-12-11,92.72,92.90,92.47,92.90,600,92.90
2012-12-10,92.48,92.48,92.48,92.48,000,92.48
2012-12-07,92.48,92.48,92.48,92.48,900,92.48
2012-12-06,92.34,92.59,92.29,92.29,900,92.29
2012-12-05,92.21,92.21,91.85,91.85,800,91.85
2012-12-04,92.21,92.25,92.21,92.25,600,92.25
2012-12-03,93.61,93.71,93.43,93.44,4800,93.44
2012-11-30,92.99,93.12,92.86,93.12,2900,93.12
2012-11-29,94.35,94.55,94.34,94.39,600,94.39
2012-11-28,92.91,93.78,92.91,93.78,4400,93.78
2012-11-27,95.08,95.08,95.08,95.08,200,95.08
2012-11-26,95.32,95.43,95.27,95.27,700,95.27
2012-11-23,94.73,94.82,94.73,94.82,500,94.82
2012-11-21,93.58,93.68,93.32,93.68,1500,93.68
2012-11-20,93.99,94.11,93.44,93.44,1500,93.44
2012-11-19,93.78,94.02,93.78,93.84,3700,93.84
2012-11-16,92.30,92.62,92.30,92.62,300,92.62
2012-11-15,92.69,96.12,92.50,96.12,1300,96.12
2012-11-14,93.25,93.69,93.25,93.27,1800,93.27
2012-11-13,94.38,94.38,91.86,93.02,9600,93.02
2012-11-12,93.17,93.17,93.17,93.17,600,93.17
2012-11-09,93.70,94.73,93.58,93.66,3100,93.66
2012-11-08,92.26,93.57,92.26,93.51,3300,93.51
2012-11-07,92.05,92.23,92.05,92.23,500,92.23
2012-11-06,92.10,92.93,92.10,92.62,1200,92.62
2012-11-05,90.70,90.70,90.70,90.70,200,90.70
2012-11-02,91.44,91.44,90.15,90.40,2000,90.40
2012-11-01,91.83,92.80,91.83,92.78,6800,92.78
2012-10-31,92.34,93.11,88.87,92.80,19500,92.80
2012-10-26,92.44,92.44,92.44,92.44,000,92.44
2012-10-25,92.76,92.80,92.41,92.44,800,92.44
2012-10-24,91.41,91.46,91.41,91.46,1900,91.46
2012-10-23,92.52,92.52,90.88,91.85,7500,91.85
2012-10-22,92.66,92.66,92.66,92.66,000,92.66
2012-10-19,93.52,93.52,92.66,92.66,2700,92.66
2012-10-18,94.61,94.61,94.61,94.61,000,94.61
2012-10-17,94.46,94.69,94.46,94.61,1600,94.61
2012-10-16,94.25,94.58,94.25,94.37,2300,94.37
2012-10-15,94.69,94.69,93.67,94.03,2000,94.03
2012-10-12,96.10,96.10,95.60,95.60,300,95.60
2012-10-11,96.28,96.59,96.13,96.13,2000,96.13
2012-10-10,95.84,96.11,95.84,96.11,700,96.11
2012-10-09,96.47,96.47,95.90,96.08,600,96.08
2012-10-08,96.66,96.66,96.66,96.66,100,96.66
2012-10-05,97.62,97.62,96.83,96.83,600,96.83
2012-10-04,97.32,98.09,97.32,97.72,1500,97.72
2012-10-03,96.85,96.85,96.85,96.85,300,96.85
2012-10-02,97.10,97.24,96.75,96.75,900,96.75
2012-10-01,97.56,97.56,96.93,97.01,1700,97.01
2012-09-28,96.80,97.10,96.41,96.46,18300,96.46
2012-09-27,96.59,97.05,96.59,97.05,600,97.05
2012-09-26,95.14,95.68,95.07,95.60,1400,95.60
2012-09-25,96.66,96.78,95.80,95.80,1200,95.80
2012-09-24,95.80,95.80,95.80,95.80,200,95.80
2012-09-21,97.29,97.29,96.99,97.00,3800,97.00
2012-09-20,96.44,96.84,96.24,96.82,10500,96.82
2012-09-19,96.65,97.00,96.46,96.71,11800,96.71
2012-09-18,96.70,96.70,96.50,96.60,1900,96.60
2012-09-17,96.87,96.92,95.84,95.84,1300,95.84
2012-09-14,96.80,97.02,96.67,97.02,3600,97.02
2012-09-13,94.27,96.85,93.41,96.63,13000,96.63
2012-09-12,94.69,94.69,94.25,94.25,24100,94.25
2012-09-11,94.92,94.92,94.33,94.37,17200,94.37
2012-09-10,94.39,94.41,94.30,94.30,1300,94.30
2012-09-07,94.72,94.97,94.69,94.75,13600,94.75
2012-09-06,92.62,92.73,92.55,92.55,1000,92.55
2012-09-05,92.13,92.13,92.10,92.10,700,92.10
2012-09-04,91.77,92.30,91.77,92.27,7400,92.27
2012-08-31,89.36,90.80,89.36,90.80,2500,90.80
2012-08-30,88.88,89.31,88.88,89.31,800,89.31
2012-08-29,89.64,89.64,89.26,89.26,2300,89.26
2012-08-28,89.66,89.98,89.66,89.98,1000,89.98
2012-08-27,89.88,90.43,89.64,89.64,1600,89.64
2012-08-24,89.85,89.87,89.71,89.87,2600,89.87
2012-08-23,89.96,90.14,89.57,89.69,2300,89.69
2012-08-22,87.71,88.74,87.71,88.74,1900,88.74
2012-08-21,87.58,87.77,87.45,87.51,2100,87.51
2012-08-20,85.96,86.57,85.96,86.51,2800,86.51
2012-08-17,85.75,85.79,85.75,85.79,2500,85.79
2012-08-16,85.29,85.95,85.29,85.95,700,85.95
2012-08-15,85.43,85.43,85.11,85.24,2200,85.24
2012-08-14,85.48,85.48,85.48,85.48,000,85.48
2012-08-13,86.13,86.13,85.48,85.48,1700,85.48
2012-08-10,86.24,86.24,86.24,86.24,300,86.24
2012-08-09,85.88,85.90,85.88,85.90,200,85.90
2012-08-08,85.84,85.84,85.70,85.72,800,85.72
2012-08-07,85.95,85.95,85.95,85.95,400,85.95
2012-08-06,85.79,85.79,85.64,85.66,600,85.66
2012-08-03,84.78,85.30,84.60,85.30,44200,85.30
2012-08-02,84.18,84.38,83.80,83.80,18700,83.80
2012-08-01,84.60,84.88,84.55,84.78,1700,84.78
2012-07-31,86.36,86.36,86.05,86.05,400,86.05
2012-07-30,86.10,86.10,86.10,86.10,200,86.10
2012-07-27,85.77,85.77,85.77,85.77,200,85.77
2012-07-26,85.88,85.88,85.73,85.73,11500,85.73
2012-07-25,85.01,85.01,84.88,84.88,400,84.88
2012-07-24,83.60,83.74,83.29,83.74,5500,83.74
2012-07-23,83.79,83.79,83.79,83.79,100,83.79
2012-07-20,83.71,84.11,83.71,84.08,600,84.08
2012-07-19,84.07,84.43,83.73,84.04,17700,84.04
2012-07-18,83.29,84.00,83.29,83.59,1200,83.59
2012-07-17,84.42,84.42,84.19,84.19,400,84.19
2012-07-16,84.25,84.25,84.25,84.25,000,84.25
2012-07-13,84.63,84.73,84.08,84.25,6900,84.25
2012-07-12,82.42,83.40,82.42,83.37,4400,83.37
2012-07-11,83.75,83.83,83.57,83.57,700,83.57
2012-07-10,84.51,84.51,82.97,82.97,1300,82.97
2012-07-09,84.24,84.64,84.07,84.64,5500,84.64
2012-07-06,84.32,84.32,83.73,83.81,1300,83.81
2012-07-05,85.43,85.47,85.35,85.47,500,85.47
2012-07-03,86.13,86.64,86.13,86.43,2300,86.43
2012-07-02,84.83,84.83,84.65,84.65,200,84.65
2012-06-29,84.69,85.14,84.69,85.14,700,85.14
2012-06-28,82.74,82.74,82.28,82.28,2200,82.28
2012-06-27,83.36,83.57,83.36,83.57,500,83.57
2012-06-26,83.31,83.55,83.31,83.55,200,83.55
2012-06-25,83.29,84.43,83.29,84.43,800,84.43
2012-06-22,83.41,83.41,83.29,83.35,3600,83.35
2012-06-21,84.40,84.54,83.12,83.12,14000,83.12
2012-06-20,85.81,86.39,84.96,85.82,3300,85.82
2012-06-19,87.01,87.01,86.62,86.62,300,86.62
2012-06-18,86.66,87.24,86.33,86.97,2000,86.97
2012-06-15,86.81,87.23,86.80,87.07,3200,87.07
2012-06-14,86.90,86.92,86.90,86.92,400,86.92
2012-06-13,87.15,87.20,86.55,86.64,4700,86.64
2012-06-12,86.74,86.74,86.42,86.57,1200,86.57
2012-06-11,85.83,85.85,85.82,85.85,600,85.85
2012-06-08,85.54,85.59,85.54,85.59,1500,85.59
2012-06-07,87.55,87.74,85.41,85.47,5700,85.47
2012-06-06,88.20,88.33,86.99,87.39,30500,87.39
2012-06-05,86.44,86.57,86.44,86.53,700,86.53
2012-06-04,86.60,86.60,85.77,86.30,1900,86.30
2012-06-01,86.71,86.71,86.71,86.71,400,86.71
2012-05-31,83.57,83.79,83.56,83.79,1900,83.79
2012-05-30,83.59,84.17,83.59,83.89,1900,83.89
2012-05-29,83.37,83.37,83.03,83.08,500,83.08
2012-05-25,83.89,84.45,83.89,84.45,4300,84.45
2012-05-24,84.22,84.22,83.40,83.69,7400,83.69
2012-05-23,82.74,83.70,82.74,83.58,700,83.58
2012-05-22,84.68,85.23,84.05,84.05,1400,84.05
2012-05-21,85.40,85.46,85.40,85.46,400,85.46
2012-05-18,85.77,85.77,85.29,85.48,700,85.48
2012-05-17,83.10,84.53,83.10,84.23,3200,84.23
2012-05-16,82.59,82.83,81.88,82.36,5600,82.36
2012-05-15,83.80,83.80,82.71,82.71,1700,82.71
2012-05-14,83.86,84.10,83.86,84.06,3100,84.06
2012-05-11,85.40,85.60,85.33,85.33,1100,85.33
2012-05-10,86.32,86.32,85.87,85.87,700,85.87
2012-05-09,85.32,85.80,85.32,85.79,1600,85.79
2012-05-08,87.00,87.00,86.22,86.91,16500,86.91
2012-05-07,88.05,88.57,88.05,88.43,6000,88.43
2012-05-04,88.52,88.99,88.40,88.62,5100,88.62
2012-05-03,88.42,88.52,88.23,88.52,12000,88.52
2012-05-02,89.52,89.61,89.43,89.61,1000,89.61
2012-05-01,90.53,90.58,90.05,90.34,3200,90.34
2012-04-30,89.82,90.40,89.82,90.28,700,90.28
2012-04-27,90.55,90.55,90.40,90.40,600,90.40
2012-04-26,90.13,90.32,90.13,90.18,600,90.18
2012-04-25,89.06,89.06,88.28,88.28,2700,88.28
2012-04-24,89.45,89.81,89.05,89.06,3700,89.06
2012-04-23,88.73,88.73,88.50,88.66,3400,88.66
2012-04-20,90.09,90.09,89.73,89.75,1300,89.75
2012-04-19,90.44,90.44,89.74,89.93,4600,89.93
2012-04-18,89.91,89.91,89.51,89.68,3200,89.68
2012-04-17,90.26,90.46,89.32,90.41,3700,90.41
2012-04-16,90.06,90.06,90.06,90.06,300,90.06
2012-04-13,90.52,90.52,90.25,90.25,1500,90.25
2012-04-12,91.68,92.09,91.68,91.95,2200,91.95
2012-04-11,90.74,90.77,90.37,90.49,1300,90.49
2012-04-10,90.13,90.91,89.60,90.91,3900,90.91
2012-04-09,89.96,90.16,89.77,89.87,2200,89.87
2012-04-05,89.44,89.46,89.01,89.43,37200,89.43
2012-04-04,88.84,89.03,88.37,88.52,2700,88.52
2012-04-03,92.10,92.30,90.75,90.78,3800,90.78
2012-04-02,92.28,92.70,92.28,92.62,900,92.62
2012-03-30,91.27,91.75,91.16,91.44,1500,91.44
2012-03-29,90.83,91.25,90.21,91.25,4700,91.25
2012-03-28,91.51,92.07,90.88,91.22,4100,91.22
2012-03-27,92.94,93.17,92.23,92.36,2200,92.36
2012-03-26,92.66,92.90,92.56,92.90,5900,92.90
2012-03-23,90.72,91.49,90.72,91.41,2900,91.41
2012-03-22,89.44,89.89,89.44,89.89,200,89.89
2012-03-21,91.23,91.23,90.60,90.74,3300,90.74
2012-03-20,90.85,91.10,90.26,90.63,5800,90.63
2012-03-19,91.07,91.87,91.07,91.65,5200,91.65
2012-03-16,91.50,91.50,90.98,91.30,2700,91.30
2012-03-15,90.35,91.33,90.30,91.25,12700,91.25
2012-03-14,91.00,91.18,89.99,90.36,13000,90.36
2012-03-13,93.21,93.75,92.18,92.22,3900,92.22
2012-03-12,94.10,94.10,93.76,93.89,2900,93.89
2012-03-09,93.17,94.85,92.78,94.85,2600,94.85
2012-03-08,93.45,94.10,93.45,94.10,1300,94.10
2012-03-07,92.30,93.17,92.30,93.10,4000,93.10
2012-03-06,92.00,92.58,91.79,92.39,6200,92.39
2012-03-05,95.20,95.20,94.33,94.33,3000,94.33
2012-03-02,95.68,95.68,94.96,95.40,2700,95.40
2012-03-01,95.65,96.35,95.35,95.89,5700,95.89
2012-02-29,100.15,100.25,94.49,94.49,24900,94.49
2012-02-28,98.60,100.07,98.60,99.98,13700,99.98
2012-02-27,98.27,98.65,98.10,98.11,19700,98.11
2012-02-24,98.32,98.72,98.27,98.42,8500,98.42
2012-02-23,98.71,99.11,98.50,98.64,6900,98.64
2012-02-22,96.60,98.03,96.59,98.01,5700,98.01
2012-02-21,95.72,97.03,95.72,97.03,4600,97.03
2012-02-17,95.29,95.29,94.72,94.82,2000,94.82
2012-02-16,93.97,94.86,93.97,94.86,5200,94.86
2012-02-15,95.60,95.73,94.88,94.95,7200,94.95
2012-02-14,95.00,95.00,94.36,94.76,7100,94.76
2012-02-13,95.13,95.23,94.87,95.19,1700,95.19
2012-02-10,94.44,95.19,94.44,94.73,13800,94.73
2012-02-09,96.57,96.59,95.40,95.40,3600,95.40
2012-02-08,96.30,96.48,95.52,95.72,1300,95.72
2012-02-07,95.05,96.63,95.05,96.63,1900,96.63
2012-02-06,94.75,95.20,94.75,95.07,2800,95.07
2012-02-03,96.61,96.61,95.06,95.06,9300,95.06
2012-02-02,96.71,97.23,96.71,97.23,1300,97.23
2012-02-01,96.10,96.36,96.08,96.12,2400,96.12
2012-01-31,96.32,96.32,94.92,95.53,2500,95.53
2012-01-30,95.22,95.47,95.12,95.12,7300,95.12
2012-01-27,95.33,95.90,95.33,95.88,8100,95.88
2012-01-26,95.22,95.32,94.86,94.99,15100,94.99
2012-01-25,90.79,94.43,90.79,94.43,3500,94.43
2012-01-24,91.52,91.88,91.47,91.54,3900,91.54
2012-01-23,91.72,92.31,91.72,92.22,7100,92.22
2012-01-20,90.44,91.71,90.42,91.48,11400,91.48
2012-01-19,90.07,90.27,89.74,89.89,10200,89.89
2012-01-18,89.42,90.39,89.42,90.29,17000,90.29
2012-01-17,90.26,90.26,89.43,89.62,8400,89.62
2012-01-13,88.97,89.16,88.37,88.77,18300,88.77
2012-01-12,90.28,90.49,89.35,89.48,18600,89.48
2012-01-11,88.74,89.36,88.74,89.05,13700,89.05
2012-01-10,88.69,89.06,88.55,88.80,19700,88.80
2012-01-09,87.57,87.65,86.91,86.97,43600,86.97
2012-01-06,88.28,88.30,86.89,87.23,46200,87.23
2012-01-05,86.67,88.02,86.57,87.84,74600,87.84
2012-01-04,87.08,87.66,87.08,87.44,9300,87.44
2012-01-03,86.38,87.55,86.38,87.15,6900,87.15
2011-12-30,84.61,85.47,84.19,84.32,27400,84.32
2011-12-29,82.13,83.63,81.93,83.63,44500,83.63
2011-12-28,85.00,85.00,83.23,83.61,100600,83.61
2011-12-27,86.78,86.78,86.17,86.27,9500,86.27
2011-12-23,87.20,87.22,86.98,87.04,3700,87.04
2011-12-22,87.48,87.49,86.88,87.03,8300,87.03
2011-12-21,87.55,87.91,87.42,87.74,6100,87.74
2011-12-20,87.56,87.95,87.56,87.79,5100,87.79
2011-12-19,86.95,86.95,86.16,86.30,18400,86.30
2011-12-16,86.81,87.04,86.64,87.04,5100,87.04
2011-12-15,86.23,86.23,84.81,85.37,17700,85.37
2011-12-14,87.43,87.79,85.04,85.57,28200,85.57
2011-12-13,91.81,91.81,88.94,89.19,13700,89.19
2011-12-12,91.43,91.46,90.86,91.23,9400,91.23
2011-12-09,93.99,94.08,93.57,93.83,5800,93.83
2011-12-08,93.61,93.71,93.28,93.33,3100,93.33
2011-12-07,95.11,95.29,95.11,95.12,800,95.12
2011-12-06,93.56,95.07,93.28,95.07,7000,95.07
2011-12-05,95.18,95.18,94.16,94.16,4800,94.16
2011-12-02,96.19,96.38,95.55,95.81,4900,95.81
2011-12-01,96.37,96.40,95.30,95.67,6800,95.67
2011-11-30,95.56,96.04,95.56,95.93,10700,95.93
2011-11-29,93.64,94.25,93.64,94.25,4300,94.25
2011-11-28,94.27,94.27,93.71,94.01,22000,94.01
2011-11-25,93.07,93.07,93.07,93.07,000,93.07
2011-11-23,92.77,93.25,92.20,93.07,8800,93.07
2011-11-22,92.80,94.10,92.80,93.79,10200,93.79
2011-11-21,93.00,93.04,91.38,92.55,7000,92.55
2011-11-18,94.15,94.63,94.15,94.53,1100,94.53
2011-11-17,95.64,95.89,93.46,94.00,6400,94.00
2011-11-16,97.40,97.96,96.92,97.29,3800,97.29
2011-11-15,98.87,98.93,98.07,98.54,6300,98.54
2011-11-14,98.50,98.63,98.12,98.13,1800,98.13
2011-11-11,97.83,99.02,97.83,99.02,9500,99.02
2011-11-10,97.78,97.80,95.83,97.47,9600,97.47
2011-11-09,99.04,99.27,97.46,97.62,9100,97.62
2011-11-08,99.25,99.97,98.80,98.98,21600,98.98
2011-11-07,98.45,99.39,98.42,99.39,5900,99.39
2011-11-04,97.48,97.48,96.99,97.21,3000,97.21
2011-11-03,97.66,97.89,96.81,97.89,2000,97.89
2011-11-02,96.52,96.71,96.12,96.34,5400,96.34
2011-11-01,93.18,95.13,93.02,95.13,22300,95.13
2011-10-31,96.05,96.09,95.74,95.74,6500,95.74
2011-10-28,97.20,97.43,96.69,97.23,6000,97.23
2011-10-27,95.50,97.64,95.43,97.16,38600,97.16
2011-10-26,95.19,95.49,94.60,95.16,8200,95.16
2011-10-25,91.10,94.60,90.97,94.25,16100,94.25
2011-10-24,90.74,91.31,90.74,91.12,25700,91.12
2011-10-21,90.46,90.61,89.87,90.36,75000,90.36
2011-10-20,89.63,89.63,88.24,89.04,5500,89.04
2011-10-19,91.22,91.50,90.20,90.20,6300,90.20
2011-10-18,89.58,92.03,89.58,91.92,4800,91.92
2011-10-17,92.97,92.97,91.78,92.06,6500,92.06
2011-10-14,92.57,92.83,92.06,92.70,39500,92.70
2011-10-13,91.19,91.89,91.14,91.86,10000,91.86
2011-10-12,92.90,93.12,92.72,93.10,3200,93.10
2011-10-11,91.80,92.19,91.67,92.06,4000,92.06
2011-10-10,91.94,92.46,91.94,92.46,6000,92.46
2011-10-07,91.60,91.88,89.70,90.09,16700,90.09
2011-10-06,90.15,91.48,89.75,91.31,10000,91.31
2011-10-05,88.44,89.82,87.62,89.57,27900,89.57
2011-10-04,89.82,89.96,86.88,88.10,28700,88.10
2011-10-03,90.60,90.78,89.95,90.20,7700,90.20
2011-09-30,88.65,89.01,88.38,88.49,19000,88.49
2011-09-29,88.75,89.40,88.35,88.65,21000,88.65
2011-09-28,91.37,91.37,87.56,88.31,5900,88.31
2011-09-27,92.20,92.50,90.98,91.08,24700,91.08
2011-09-26,90.26,90.26,85.93,88.94,81000,88.94
2011-09-23,93.83,94.21,90.01,90.26,36000,90.26
2011-09-22,98.19,98.53,96.98,97.55,48700,97.55
2011-09-21,102.90,104.02,102.17,102.17,3900,102.17
2011-09-20,101.83,103.51,101.83,103.01,9500,103.01
2011-09-19,102.25,102.25,101.45,101.73,2100,101.73
2011-09-16,103.17,104.40,103.00,103.75,5300,103.75
2011-09-15,103.09,103.09,101.80,102.39,8400,102.39
2011-09-14,104.60,104.60,104.17,104.17,800,104.17
2011-09-13,104.47,105.77,103.81,105.31,11400,105.31
2011-09-12,105.00,105.31,103.25,103.89,19000,103.89
2011-09-09,106.28,107.51,106.02,106.71,10300,106.71
2011-09-08,107.14,107.66,106.64,107.66,1900,107.66
2011-09-07,103.87,105.39,103.36,104.97,10000,104.97
2011-09-06,108.77,109.33,107.39,107.86,6900,107.86
2011-09-02,108.27,108.97,108.07,108.95,6900,108.95
2011-09-01,106.00,106.00,104.71,105.18,4300,105.18
2011-08-31,106.37,106.37,104.74,105.13,10000,105.13
2011-08-30,105.98,105.98,104.63,105.93,12800,105.93
2011-08-29,105.54,105.54,102.38,102.92,22500,102.92
2011-08-26,103.33,105.08,102.15,105.08,6700,105.08
2011-08-25,98.53,102.50,80.42,102.50,94200,102.50
2011-08-24,104.42,105.46,100.36,101.09,76500,101.09
2011-08-23,106.44,109.10,105.18,105.18,34900,105.18
2011-08-22,108.02,109.66,108.02,109.59,17700,109.59
2011-08-19,107.69,107.69,106.01,107.25,15600,107.25
2011-08-18,104.40,104.89,104.13,104.80,17700,104.80
2011-08-17,102.32,103.31,102.32,103.15,10400,103.15
2011-08-16,101.58,102.60,101.58,102.57,9000,102.57
2011-08-15,99.84,101.41,99.61,101.41,17700,101.41
2011-08-12,99.06,100.30,98.77,100.30,17000,100.30
2011-08-11,101.04,101.04,98.31,100.20,70200,100.20
2011-08-10,100.63,102.53,100.47,102.44,30300,102.44
2011-08-09,98.47,100.28,97.65,97.90,69800,97.90
2011-08-08,98.27,99.24,97.85,98.78,31400,98.78
2011-08-05,96.60,96.88,95.22,95.66,20200,95.66
2011-08-04,99.42,99.50,95.48,95.72,48900,95.72
2011-08-03,98.05,98.85,98.00,98.04,26300,98.04
2011-08-02,95.82,97.58,95.82,97.57,16300,97.57
2011-08-01,94.70,95.80,94.53,94.88,11900,94.88
2011-07-29,95.86,96.07,95.54,95.56,19100,95.56
2011-07-28,95.30,95.30,94.20,95.03,40200,95.03
2011-07-27,96.57,96.57,95.15,95.26,15400,95.26
2011-07-26,95.21,95.93,95.08,95.93,11000,95.93
2011-07-25,95.70,95.70,95.22,95.32,5300,95.32
2011-07-22,94.55,94.83,94.55,94.74,2500,94.74
2011-07-21,94.61,94.61,93.29,93.41,15500,93.41
2011-07-20,92.20,94.68,92.20,94.68,8300,94.68
2011-07-19,94.47,94.91,93.00,93.38,15500,93.38
2011-07-18,94.75,95.27,94.55,95.05,36900,95.05
2011-07-15,93.39,93.72,92.97,93.72,12400,93.72
2011-07-14,93.49,93.78,92.78,93.04,8400,93.04
2011-07-13,91.72,92.85,91.72,92.64,33200,92.64
2011-07-12,89.22,91.02,89.22,90.62,32300,90.62
2011-07-11,90.31,90.89,89.41,89.54,17200,89.54
2011-07-08,89.92,90.08,89.63,90.01,8000,90.01
2011-07-07,89.03,89.49,88.82,89.33,95800,89.33
2011-07-06,88.58,88.88,88.53,88.84,5400,88.84
2011-07-05,87.20,87.95,87.20,87.87,9700,87.87
2011-07-01,85.26,85.71,85.16,85.50,15800,85.50
2011-06-30,87.47,87.47,86.62,86.81,30200,86.81
2011-06-29,86.63,87.25,86.44,87.08,8800,87.08
2011-06-28,86.06,86.40,86.00,86.25,2800,86.25
2011-06-27,86.05,86.44,85.68,85.69,13700,85.69
2011-06-24,87.72,87.72,86.49,86.54,4000,86.54
2011-06-23,88.38,88.45,87.49,88.24,27800,88.24
2011-06-22,90.13,90.58,89.95,89.95,20300,89.95
2011-06-21,89.43,90.07,89.43,89.95,5400,89.95
2011-06-20,89.47,89.51,89.02,89.28,9000,89.28
2011-06-17,88.46,89.20,88.46,89.05,12400,89.05
2011-06-16,88.33,88.58,88.07,88.56,8300,88.56
2011-06-15,89.03,89.03,88.17,88.98,16500,88.98
2011-06-14,87.39,88.36,87.39,88.32,2500,88.32
2011-06-13,88.52,88.52,87.00,87.43,9500,87.43
2011-06-10,89.41,89.62,88.88,89.03,5400,89.03
2011-06-09,90.18,90.67,89.97,90.63,6300,90.63
2011-06-08,89.59,89.85,89.29,89.63,28100,89.63
2011-06-07,90.51,90.51,89.64,90.41,7500,90.41
2011-06-06,90.32,90.65,89.78,89.91,2700,89.91
2011-06-03,89.62,89.76,89.00,89.55,6100,89.55
2011-06-02,90.06,90.12,88.54,89.20,21100,89.20
2011-06-01,90.57,91.29,89.49,89.79,29400,89.79
